,K,mag,filename,tmax,tinstability,Eerr1,Eerrf,tinstability_index
0,125.21,0.13981961408994042,IC0K1.2521e+02mag1.3982e-01.bin,50000000.0,50000000.0,5.8223558608383794e-08,4.967208133845477e-07,
2,74.471,0.0011961308606153204,IC2K7.4471e+01mag1.1961e-03.bin,50000000.0,50000000.0,3.297564034191862e-07,2.1641013596650645e-07,
4,859.13,0.04382245941855637,IC4K8.5913e+02mag4.3822e-02.bin,50000000.0,50000000.0,3.5692616434282094e-08,0.0005113790751230996,
6,610.55,0.009906937334398729,IC6K6.1055e+02mag9.9069e-03.bin,50000000.0,2869029.489343549,2.234090262888296e-06,0.816263466093706,2869.0
7,14.211,0.2186534714057171,IC7K1.4211e+01mag2.1865e-01.bin,50000000.0,50000000.0,3.204927772586535e-08,0.0012264010538796924,
8,558.29,0.8046777417892738,IC8K5.5829e+02mag8.0468e-01.bin,50000000.0,37732.21865210108,2.9680380407054206e-07,1.4412544700645935,37.0
10,348.85,0.0011541329711371676,IC10K3.4885e+02mag1.1541e-03.bin,50000000.0,50000000.0,2.518669142258469e-07,0.00042694316319112836,
13,359.26,0.005159690601117633,IC13K3.5926e+02mag5.1597e-03.bin,50000000.0,50000000.0,3.2793038537800525e-07,3.699621354735301e-07,
15,498.47,0.003441024578965232,IC15K4.9847e+02mag3.4410e-03.bin,50000000.0,50000000.0,5.208768393868958e-08,6.534782393435548e-08,
16,27.963,0.03710992052003758,IC16K2.7963e+01mag3.7110e-02.bin,50000000.0,4349276.840676596,6.298385130598566e-07,1.2362425597798752,4349.0
17,38.845,0.0390625208786718,IC17K3.8845e+01mag3.9063e-02.bin,50000000.0,50000000.0,1.088860533160896e-06,0.000810025013798236,
18,199.87,0.03283674657468433,IC18K1.9987e+02mag3.2837e-02.bin,50000000.0,12083445.379192144,6.262277566101251e-07,0.5055142706577368,12083.0
19,15.67,0.1921981265296755,IC19K1.5670e+01mag1.9220e-01.bin,50000000.0,33027150.14895636,9.598724882458333e-08,0.8949095101268114,33027.0
22,26.117,0.02786398228178712,IC22K2.6117e+01mag2.7864e-02.bin,50000000.0,50000000.0,1.3388910657191228e-07,4.565247518357437e-06,
27,71.03,0.27781214102926544,IC27K7.1030e+01mag2.7781e-01.bin,50000000.0,50000000.0,1.0095431367732864e-08,1.1662701364302799e-06,
29,533.97,0.007156783765663499,IC29K5.3397e+02mag7.1568e-03.bin,50000000.0,50000000.0,3.187142613040729e-08,1.8736707187194788e-08,
30,194.22,0.01387539862905043,IC30K1.9422e+02mag1.3875e-02.bin,50000000.0,50000000.0,3.126486216760139e-07,1.5036418869884769e-07,
35,82.435,0.008414897317776894,IC35K8.2435e+01mag8.4149e-03.bin,50000000.0,50000000.0,1.0549336078521445e-08,2.4359344475733964e-08,
36,286.43,0.06380322587719688,IC36K2.8643e+02mag6.3803e-02.bin,50000000.0,50000000.0,1.535548087244445e-08,3.686769452240006e-08,
37,774.45,0.02467712283708881,IC37K7.7445e+02mag2.4677e-02.bin,50000000.0,50000000.0,7.832180508387872e-06,2.1017583470317985e-05,
46,369.54,0.08026036272969123,IC46K3.6954e+02mag8.0260e-02.bin,50000000.0,50000000.0,5.7199067397615887e-08,0.0005393873303164995,
51,224.63,0.0013618728018408247,IC51K2.2463e+02mag1.3619e-03.bin,50000000.0,50000000.0,7.80584361694148e-08,0.0005235874730120602,
55,15.354,0.8221816126891812,IC55K1.5354e+01mag8.2218e-01.bin,50000000.0,24552082.820043538,4.346454637013987e-06,0.7709357131296792,24552.0
62,11.682,0.029330706484609424,IC62K1.1682e+01mag2.9331e-02.bin,50000000.0,30914014.427624978,7.6226186551980915e-06,1.1584651748090753,30914.0
70,716.08,0.4142656110657146,IC70K7.1608e+02mag4.1427e-01.bin,5000000.0,5000000.0,4.298241318585301e-06,0.00030854267372575956,
73,192.92,0.041291702808823036,IC73K1.9292e+02mag4.1292e-02.bin,5000000.0,5000000.0,7.475829150567292e-09,1.3187724533167957e-07,
76,41.847,0.2863925142471053,IC76K4.1847e+01mag2.8639e-01.bin,5000000.0,5000000.0,1.2399531639062e-07,0.0002670075749573715,
83,32.665,0.1125544704969982,IC83K3.2665e+01mag1.1255e-01.bin,5000000.0,5000000.0,2.385550595761616e-07,1.5633859798606957e-07,
92,591.24,0.23213717790416386,IC92K5.9124e+02mag2.3214e-01.bin,5000000.0,5000000.0,1.0670576913010644e-08,0.00040537841886913704,
93,163.2,0.09387170495401244,IC93K1.6320e+02mag9.3872e-02.bin,5000000.0,5000000.0,6.988480858908038e-08,7.56043959198164e-08,
94,274.64,0.06632290292876122,IC94K2.7464e+02mag6.6323e-02.bin,5000000.0,5000000.0,6.671600287562926e-08,0.0004253459136448073,
98,291.43,0.05029989127947607,IC98K2.9143e+02mag5.0300e-02.bin,5000000.0,5000000.0,1.4191168343872717e-07,2.6930669010181567e-07,
100,122.13,0.0068408198761721615,IC100K1.2213e+02mag6.8408e-03.bin,5000000.0,5000000.0,3.114649459390754e-08,5.1176712468710906e-08,
101,107.84,0.05152319196567416,IC101K1.0784e+02mag5.1523e-02.bin,5000000.0,5000000.0,4.870518438620138e-07,1.6818105910167393e-09,
111,167.63,0.0032152094010798717,IC111K1.6763e+02mag3.2152e-03.bin,5000000.0,5000000.0,5.437682989997303e-08,1.4196549041556897e-08,
118,767.9,0.05462779600725511,IC118K7.6790e+02mag5.4628e-02.bin,5000000.0,5000000.0,7.458896224918332e-08,1.786226515655283e-05,
119,496.24,0.03115255198275436,IC119K4.9624e+02mag3.1153e-02.bin,5000000.0,5000000.0,3.836069359232373e-08,0.00028951164744225476,
120,226.94,0.03458409430528473,IC120K2.2694e+02mag3.4584e-02.bin,5000000.0,5000000.0,3.7484203925563736e-08,1.4845345199968597e-07,
123,247.14,0.007218018732952581,IC123K2.4714e+02mag7.2180e-03.bin,5000000.0,5000000.0,1.326889198664477e-07,3.377337111086186e-08,
125,103.15,0.0014879628404018946,IC125K1.0315e+02mag1.4880e-03.bin,5000000.0,5000000.0,2.0457308258842378e-08,9.330897019255576e-08,
127,111.6,0.0013179196170619385,IC127K1.1160e+02mag1.3179e-03.bin,5000000.0,5000000.0,1.7338504295636148e-07,2.0954223485461563e-07,
130,19.198,0.008602666430106098,IC130K1.9198e+01mag8.6027e-03.bin,5000000.0,5000000.0,6.099337323957338e-07,0.00023957828361640383,
131,199.67,0.6987591333616621,IC131K1.9967e+02mag6.9876e-01.bin,5000000.0,5000000.0,3.060317470840274e-07,0.0002036053056035181,
141,683.55,0.03691345474625062,IC141K6.8355e+02mag3.6913e-02.bin,5000000.0,5000000.0,2.5023986357030662e-08,3.811856867884535e-06,
142,636.98,0.0471435852499796,IC142K6.3698e+02mag4.7144e-02.bin,5000000.0,5000000.0,1.0633394387200874e-06,9.761299130987068e-05,
146,99.133,0.07189867644204262,IC146K9.9133e+01mag7.1899e-02.bin,5000000.0,5000000.0,4.181136377821864e-08,1.5883775480918546e-08,
147,54.124,0.07923993321735398,IC147K5.4124e+01mag7.9240e-02.bin,5000000.0,5000000.0,1.4309039276509724e-06,0.00022983848416087624,
149,578.92,0.8691821722605563,IC149K5.7892e+02mag8.6918e-01.bin,5000000.0,5000000.0,3.6431760614807683e-06,0.0005374117925004393,
152,789.69,0.17018902820589646,IC152K7.8969e+02mag1.7019e-01.bin,5000000.0,5000000.0,2.6924686848068703e-08,3.125017792070301e-08,
154,103.62,0.07792051639448612,IC154K1.0362e+02mag7.7921e-02.bin,5000000.0,5000000.0,1.4152711578198494e-06,0.00045125194752247417,
159,378.17,0.0038830800172831204,IC159K3.7817e+02mag3.8831e-03.bin,5000000.0,5000000.0,1.0960589539598699e-08,2.800889399130373e-07,
162,43.853,0.1850399672715453,IC162K4.3853e+01mag1.8504e-01.bin,5000000.0,5000000.0,5.105868768249987e-07,9.337442703630165e-08,
163,238.74,0.026440458577690288,IC163K2.3874e+02mag2.6440e-02.bin,5000000.0,5000000.0,6.439203509787896e-09,9.486851013228423e-09,
167,626.26,0.003128574466080432,IC167K6.2626e+02mag3.1286e-03.bin,5000000.0,5000000.0,9.937009283997258e-08,2.655320961051774e-08,
168,156.89,0.03652065753733735,IC168K1.5689e+02mag3.6521e-02.bin,5000000.0,5000000.0,7.704197029912133e-08,1.0922277264571638e-08,
174,83.191,0.4885920893791154,IC174K8.3191e+01mag4.8859e-01.bin,5000000.0,5000000.0,1.1839985311776139e-07,0.000537379034078395,
178,111.99,0.0013034068657734547,IC178K1.1199e+02mag1.3034e-03.bin,5000000.0,5000000.0,6.492619246014851e-08,2.183919974545576e-07,
179,795.99,0.00744015596759741,IC179K7.9599e+02mag7.4402e-03.bin,5000000.0,5000000.0,5.133310884170131e-07,5.46796641459936e-07,
188,105.67,0.23392138385806546,IC188K1.0567e+02mag2.3392e-01.bin,5000000.0,5000000.0,7.992661429676723e-07,0.0003855094207692156,
190,309.21,0.07613082695775443,IC190K3.0921e+02mag7.6131e-02.bin,5000000.0,5000000.0,1.7745246364744774e-07,1.4129753212693257e-07,
191,121.12,0.0058415322517242465,IC191K1.2112e+02mag5.8415e-03.bin,5000000.0,5000000.0,1.260633795465349e-07,1.010957030887587e-08,
192,327.04,0.012526368617456388,IC192K3.2704e+02mag1.2526e-02.bin,5000000.0,5000000.0,5.7364186993625535e-08,4.610750745558581e-08,
196,239.34,0.05419087611710627,IC196K2.3934e+02mag5.4191e-02.bin,5000000.0,5000000.0,1.0635993215176796e-07,2.3904209233721044e-08,
197,544.27,0.2260001162247133,IC197K5.4427e+02mag2.2600e-01.bin,5000000.0,5000000.0,1.6801822791426022e-07,9.084461111566638e-08,
198,165.81,0.7528874137356177,IC198K1.6581e+02mag7.5289e-01.bin,5000000.0,5000000.0,7.026433383392099e-07,0.0007358827109486981,
201,16.897000000000002,0.17524372182910322,IC201K1.6897e+01mag1.7524e-01.bin,5000000.0,5000000.0,6.662638070571992e-08,1.0361806875046978e-07,
203,496.36,0.003688207001735572,IC203K4.9636e+02mag3.6882e-03.bin,5000000.0,5000000.0,1.905158321409443e-07,1.5043833711384487e-07,
204,726.3,0.013919007466019316,IC204K7.2630e+02mag1.3919e-02.bin,5000000.0,5000000.0,1.7802577739286772e-07,0.0002473647629055755,
205,832.76,0.048175510435085535,IC205K8.3276e+02mag4.8176e-02.bin,5000000.0,5000000.0,1.0197271733333229e-08,6.991770079206606e-06,
214,12.488,0.011672776301886694,IC214K1.2488e+01mag1.1673e-02.bin,5000000.0,5000000.0,5.025263117381542e-07,8.601557520421059e-05,
215,20.316,0.029423570340992636,IC215K2.0316e+01mag2.9424e-02.bin,5000000.0,5000000.0,4.535389391573612e-08,7.369306978236543e-08,
220,52.518,0.013211747148222031,IC220K5.2518e+01mag1.3212e-02.bin,5000000.0,5000000.0,3.357640179531173e-07,0.000211083623145812,
221,123.92,0.7814875181871144,IC221K1.2392e+02mag7.8149e-01.bin,5000000.0,3164117.863484898,1.280309113325782e-07,1.9713506374111347,3164.0
222,112.73,0.1137500392674025,IC222K1.1273e+02mag1.1375e-01.bin,5000000.0,5000000.0,2.454145112735575e-07,1.4501613448695383e-07,
223,427.34,0.2317932941217889,IC223K4.2734e+02mag2.3179e-01.bin,5000000.0,5000000.0,2.5784075023405183e-06,0.00045268733751719053,
226,616.47,0.010826308766357179,IC226K6.1647e+02mag1.0826e-02.bin,5000000.0,5000000.0,1.4133895284263614e-07,1.7659345319673656e-07,
228,70.408,0.04219182398833109,IC228K7.0408e+01mag4.2192e-02.bin,5000000.0,5000000.0,2.706172597371696e-07,2.0262127484087829e-07,
235,726.4,0.03699313519911422,IC235K7.2640e+02mag3.6993e-02.bin,5000000.0,5000000.0,5.436329707445414e-08,6.00137246211358e-08,
237,945.4,0.005201846780886675,IC237K9.4540e+02mag5.2018e-03.bin,5000000.0,5000000.0,1.953329652873788e-06,0.0001481263797490238,
239,41.655,0.002451387438276329,IC239K4.1655e+01mag2.4514e-03.bin,5000000.0,5000000.0,2.0171138627465694e-07,1.9158381918981125e-07,
240,38.63800000000001,0.019549272356819504,IC240K3.8638e+01mag1.9549e-02.bin,5000000.0,5000000.0,9.670715455162524e-08,0.0006090488803399022,
241,169.78,0.05431499108733257,IC241K1.6978e+02mag5.4315e-02.bin,5000000.0,5000000.0,2.8942525622492856e-07,7.338153650150149e-05,
243,26.018,0.2218073652026664,IC243K2.6018e+01mag2.2181e-01.bin,5000000.0,5000000.0,5.365338569560284e-07,0.00020547766162587396,
245,651.19,0.0021756549233959803,IC245K6.5119e+02mag2.1757e-03.bin,5000000.0,5000000.0,5.653228259394995e-08,2.1334527354382475e-08,
247,53.996,0.5279885510888243,IC247K5.3996e+01mag5.2799e-01.bin,5000000.0,5000000.0,9.872394167190285e-08,0.00035271126288667604,
248,242.09,0.028517077601001962,IC248K2.4209e+02mag2.8517e-02.bin,5000000.0,5000000.0,2.2181651104953924e-08,1.7508942439195516e-08,
251,188.46,0.002037273911224723,IC251K1.8846e+02mag2.0373e-03.bin,5000000.0,5000000.0,6.57950851988791e-07,1.0446938258023404e-08,
255,84.698,0.004667734561578279,IC255K8.4698e+01mag4.6677e-03.bin,5000000.0,5000000.0,6.536628384270102e-08,2.265261270888732e-08,
257,723.86,0.26300770541197305,IC257K7.2386e+02mag2.6301e-01.bin,5000000.0,5000000.0,9.184915644496969e-08,0.00038835157723365437,
259,240.13,0.002006951100097585,IC259K2.4013e+02mag2.0070e-03.bin,5000000.0,5000000.0,9.37388840743938e-08,1.2962579139596504e-07,
261,399.83,0.0286702897523633,IC261K3.9983e+02mag2.8670e-02.bin,5000000.0,2479008.6223076447,2.392961262358051e-07,0.6485811191672384,2479.0
270,244.48,0.2662492776722173,IC270K2.4448e+02mag2.6625e-01.bin,5000000.0,5000000.0,5.168390335910305e-08,0.0002944189797590165,
272,31.29300000000001,0.4322272649034461,IC272K3.1293e+01mag4.3223e-01.bin,5000000.0,5000000.0,2.796667827869888e-09,1.3402149268441148e-07,
282,54.557,0.014968113833411671,IC282K5.4557e+01mag1.4968e-02.bin,5000000.0,5000000.0,2.7105099004339385e-08,5.917782249580738e-08,
283,156.61,0.009547061327203014,IC283K1.5661e+02mag9.5471e-03.bin,5000000.0,5000000.0,9.188994053274533e-08,0.0003267009326628375,
288,127.8,0.1396681564536834,IC288K1.2780e+02mag1.3967e-01.bin,5000000.0,5000000.0,2.11788071917754e-07,6.593522569966337e-07,
289,284.62,0.037219133330314944,IC289K2.8462e+02mag3.7219e-02.bin,5000000.0,5000000.0,1.2607432437884743e-06,1.1269655755782172e-06,
290,35.223,0.006128906062777926,IC290K3.5223e+01mag6.1289e-03.bin,5000000.0,5000000.0,1.1223966004064514e-07,1.0614380590521226e-06,
293,428.03,0.11723313131673165,IC293K4.2803e+02mag1.1723e-01.bin,5000000.0,5000000.0,1.0269251763897841e-08,0.0003728537730648104,
294,216.8,0.002564296173234518,IC294K2.1680e+02mag2.5643e-03.bin,5000000.0,5000000.0,2.640278075077469e-08,3.398219910313759e-08,
295,175.51,0.009878956455710864,IC295K1.7551e+02mag9.8790e-03.bin,5000000.0,5000000.0,1.7195503342711006e-07,2.1107800697696958e-07,
301,47.267,0.060357667842208064,IC301K4.7267e+01mag6.0358e-02.bin,5000000.0,5000000.0,3.3720975879353594e-07,0.0006298050922228566,
308,370.62,0.11657040855345505,IC308K3.7062e+02mag1.1657e-01.bin,5000000.0,5000000.0,3.085304113655053e-08,1.9458068050803385e-08,
310,433.55,0.10132248024306556,IC310K4.3355e+02mag1.0132e-01.bin,5000000.0,5000000.0,8.459902039984118e-08,0.00022274203898001583,
311,81.111,0.02082148912478946,IC311K8.1111e+01mag2.0821e-02.bin,5000000.0,5000000.0,5.228033207894781e-08,6.1086922546960135e-06,
314,681.94,0.05829425292387275,IC314K6.8194e+02mag5.8294e-02.bin,5000000.0,5000000.0,1.9308778039567533e-08,0.0001407834081997109,
316,458.29,0.1723426140120887,IC316K4.5829e+02mag1.7234e-01.bin,5000000.0,5000000.0,3.3134820439529186e-07,3.306839238186849e-07,
317,40.616,0.15097551611282387,IC317K4.0616e+01mag1.5098e-01.bin,5000000.0,5000000.0,5.283701204027099e-06,0.00029178397457930836,
318,149.09,0.010484058947535471,IC318K1.4909e+02mag1.0484e-02.bin,5000000.0,5000000.0,2.3982703385804133e-08,5.212667676705257e-05,
320,268.35,0.0058600296578837155,IC320K2.6835e+02mag5.8600e-03.bin,5000000.0,4367015.717674247,1.0820634854974383e-05,0.6423566262877934,4367.0
328,30.563,0.005839616981234432,IC328K3.0563e+01mag5.8396e-03.bin,5000000.0,5000000.0,6.432127386643792e-08,5.530603098554616e-06,
332,686.04,0.1950748551388972,IC332K6.8604e+02mag1.9507e-01.bin,5000000.0,5000000.0,2.1545879902962302e-08,0.0002047960634642054,
337,397.94,0.0028886986354134648,IC337K3.9794e+02mag2.8887e-03.bin,5000000.0,5000000.0,7.417037590425168e-07,4.40523319147342e-08,
345,55.18899999999999,0.098776283102727,IC345K5.5189e+01mag9.8776e-02.bin,5000000.0,5000000.0,4.85048033164844e-07,0.0006622737795331992,
347,34.113,0.007295288553311156,IC347K3.4113e+01mag7.2953e-03.bin,5000000.0,5000000.0,6.403210995796218e-09,0.0009634860074356188,
350,73.158,0.1408464378943816,IC350K7.3158e+01mag1.4085e-01.bin,5000000.0,5000000.0,3.8142786614002713e-07,3.524609150050774e-07,
352,557.02,0.04842444286284369,IC352K5.5702e+02mag4.8424e-02.bin,5000000.0,5000000.0,9.10882604068048e-09,2.593451834934549e-07,
357,279.59,0.006396551101719599,IC357K2.7959e+02mag6.3966e-03.bin,5000000.0,5000000.0,1.9528904697447808e-07,5.1717245925873227e-08,
358,267.44,0.0037026731382899937,IC358K2.6744e+02mag3.7027e-03.bin,5000000.0,5000000.0,6.584687991082004e-08,1.8820710284997302e-08,
359,572.65,0.1259129136439659,IC359K5.7265e+02mag1.2591e-01.bin,5000000.0,5000000.0,2.9518945657901066e-06,1.3649645746300393e-05,
360,98.982,0.6676918021245885,IC360K9.8982e+01mag6.6769e-01.bin,5000000.0,5000000.0,6.739030720036027e-08,0.00016686932734143168,
363,16.249000000000002,0.13500040308296093,IC363K1.6249e+01mag1.3500e-01.bin,5000000.0,5000000.0,1.5657350667927417e-07,1.0101247527689298e-06,
364,70.872,0.0019819774617104093,IC364K7.0872e+01mag1.9820e-03.bin,5000000.0,5000000.0,6.312895660872255e-08,7.037315635118096e-09,
365,763.68,0.08410234698333383,IC365K7.6368e+02mag8.4102e-02.bin,5000000.0,5000000.0,1.252192083357092e-07,4.3057828248795884e-07,
369,199.53,0.010723755296690531,IC369K1.9953e+02mag1.0724e-02.bin,5000000.0,5000000.0,4.164783367207735e-08,6.263155620518223e-09,
371,219.54,0.05225008646738059,IC371K2.1954e+02mag5.2250e-02.bin,5000000.0,5000000.0,3.733490528645453e-07,3.0599995869416877e-07,
373,244.72,0.056203870389359104,IC373K2.4472e+02mag5.6204e-02.bin,5000000.0,5000000.0,2.2566261091687705e-07,1.5609346232074695e-08,
376,64.32,0.24568840746932485,IC376K6.4320e+01mag2.4569e-01.bin,5000000.0,5000000.0,1.1971800265492778e-07,4.836525023734881e-08,
377,17.257,0.03654660628079913,IC377K1.7257e+01mag3.6547e-02.bin,5000000.0,5000000.0,7.845851140560222e-08,3.699588436025875e-05,
379,405.58,0.003065560700052732,IC379K4.0558e+02mag3.0656e-03.bin,5000000.0,5000000.0,1.458275197810745e-07,2.494502469355063e-07,
382,322.08,0.009689489014513645,IC382K3.2208e+02mag9.6895e-03.bin,5000000.0,5000000.0,3.21872560970979e-08,1.484592175147907e-08,
383,75.828,0.004108179129560444,IC383K7.5828e+01mag4.1082e-03.bin,5000000.0,5000000.0,1.2246295208646757e-07,3.403107670280695e-05,
384,372.56,0.0071496150634992655,IC384K3.7256e+02mag7.1496e-03.bin,5000000.0,5000000.0,1.1941546176289297e-07,2.2547997331026455e-07,
386,299.51,0.021012899639419626,IC386K2.9951e+02mag2.1013e-02.bin,5000000.0,5000000.0,3.9378891258687404e-07,4.683377221266835e-08,
387,152.74,0.004205414290234729,IC387K1.5274e+02mag4.2054e-03.bin,5000000.0,5000000.0,1.8498090985858404e-07,5.332759906006201e-07,
388,46.782,0.032537765641337195,IC388K4.6782e+01mag3.2538e-02.bin,5000000.0,5000000.0,3.0353142967019763e-07,2.5884949810028145e-07,
392,53.712,0.5941282485903484,IC392K5.3712e+01mag5.9413e-01.bin,5000000.0,5000000.0,6.752017640398948e-08,2.7347698172522135e-06,
400,217.5,0.00476425951820986,IC400K2.1750e+02mag4.7643e-03.bin,5000000.0,5000000.0,4.4560259093909514e-08,2.4842997560214595e-07,
401,287.35,0.010354795316903764,IC401K2.8735e+02mag1.0355e-02.bin,5000000.0,5000000.0,4.058004895465197e-09,5.581197658177935e-07,
406,686.17,0.042504328593999684,IC406K6.8617e+02mag4.2504e-02.bin,5000000.0,5000000.0,1.3754117645811619e-07,1.9001745421826925e-07,
407,506.69,0.032461291820370684,IC407K5.0669e+02mag3.2461e-02.bin,5000000.0,5000000.0,1.906134932687038e-08,3.2266180927329405e-05,
411,490.59,0.0718774423586905,IC411K4.9059e+02mag7.1877e-02.bin,5000000.0,5000000.0,4.4366024018490586e-08,5.7039360595742804e-08,
412,776.13,0.4402799071186975,IC412K7.7613e+02mag4.4028e-01.bin,5000000.0,5000000.0,6.569843033849379e-08,0.0005912236999645747,
413,205.86,0.014293075438518398,IC413K2.0586e+02mag1.4293e-02.bin,5000000.0,5000000.0,4.568885721491707e-08,1.8443978208790736e-07,
420,42.785,0.022860831916972385,IC420K4.2785e+01mag2.2861e-02.bin,5000000.0,5000000.0,1.0832870893073946e-07,2.0557927967661155e-06,
421,232.04,0.2569996916452452,IC421K2.3204e+02mag2.5700e-01.bin,5000000.0,5000000.0,2.775925474458929e-06,0.00016043189915550306,
423,47.237,0.036765671727672325,IC423K4.7237e+01mag3.6766e-02.bin,5000000.0,5000000.0,3.532543937598709e-08,2.344373217841632e-08,
425,328.18,0.006429134384201685,IC425K3.2818e+02mag6.4291e-03.bin,5000000.0,5000000.0,3.2561235948436954e-07,7.787431088334813e-07,
429,53.242,0.010091742050522485,IC429K5.3242e+01mag1.0092e-02.bin,5000000.0,5000000.0,2.4079251148900644e-07,1.4897187735930867e-07,
433,90.431,0.0017179510368758144,IC433K9.0431e+01mag1.7180e-03.bin,5000000.0,5000000.0,1.278589664409692e-07,8.435545896253217e-08,
434,50.931,0.008717268237106298,IC434K5.0931e+01mag8.7173e-03.bin,5000000.0,5000000.0,5.005131504824734e-08,7.061056360842805e-05,
435,735.23,0.24114769449107634,IC435K7.3523e+02mag2.4115e-01.bin,5000000.0,5000000.0,4.0104524666463713e-07,0.0003272191900445071,
437,119.24,0.016084154102786834,IC437K1.1924e+02mag1.6084e-02.bin,5000000.0,5000000.0,2.3105087660496415e-08,9.673762179876163e-07,
439,151.26,0.3352475373535305,IC439K1.5126e+02mag3.3525e-01.bin,5000000.0,5000000.0,9.609806688658978e-09,3.5906839283926685e-08,
441,875.54,0.01544848682856085,IC441K8.7554e+02mag1.5448e-02.bin,5000000.0,5000000.0,9.522833248360987e-08,8.250338695951754e-08,
442,61.56800000000001,0.003932058073551618,IC442K6.1568e+01mag3.9321e-03.bin,5000000.0,5000000.0,2.6258665008656147e-08,0.00022873694209306163,
443,252.42,0.6026871392457838,IC443K2.5242e+02mag6.0269e-01.bin,5000000.0,5000000.0,5.205437259099009e-06,0.0004997357255906731,
445,193.43,0.0015737569381218215,IC445K1.9343e+02mag1.5738e-03.bin,5000000.0,5000000.0,3.134117954671451e-07,2.413581800582114e-07,
446,341.05,0.017466904616127276,IC446K3.4105e+02mag1.7467e-02.bin,5000000.0,5000000.0,3.305887039667817e-08,5.50548957248109e-08,
447,42.374,0.01805403683014821,IC447K4.2374e+01mag1.8054e-02.bin,5000000.0,5000000.0,2.5226938719629787e-08,3.534456477247395e-08,
449,131.0,0.040728040631235064,IC449K1.3100e+02mag4.0728e-02.bin,5000000.0,5000000.0,3.657622094192042e-08,6.068629826749013e-08,
450,363.78,0.0788365379464724,IC450K3.6378e+02mag7.8837e-02.bin,5000000.0,5000000.0,2.4012110014198766e-08,4.6431079602115835e-08,
451,351.54,0.0975877687696837,IC451K3.5154e+02mag9.7588e-02.bin,5000000.0,5000000.0,2.0042619356620092e-08,0.00045827763867598497,
452,592.73,0.019069136097749344,IC452K5.9273e+02mag1.9069e-02.bin,5000000.0,5000000.0,7.504872894779225e-08,0.00023006855494366778,
453,630.99,0.0373272212109469,IC453K6.3099e+02mag3.7327e-02.bin,5000000.0,443000.78868432215,7.936206854455113e-08,1.5638787595942198,443.0
454,217.47,0.15771177263708558,IC454K2.1747e+02mag1.5771e-01.bin,5000000.0,5000000.0,1.3539152854720986e-08,1.3454261092716147e-07,
455,66.752,0.011784516950662259,IC455K6.6752e+01mag1.1785e-02.bin,5000000.0,5000000.0,2.5322566733432298e-08,6.7661215620255655e-06,
458,409.2,0.9017225353329734,IC458K4.0920e+02mag9.0172e-01.bin,5000000.0,5000000.0,4.5681483031161513e-07,0.0006950722317251849,
460,565.99,0.17850788113800886,IC460K5.6599e+02mag1.7851e-01.bin,5000000.0,5000000.0,5.03976089513052e-07,0.0002854296078850529,
462,84.346,0.6748026958578499,IC462K8.4346e+01mag6.7480e-01.bin,5000000.0,5000000.0,2.904351244997339e-06,0.0006362917513110751,
463,414.58,0.32863455640963746,IC463K4.1458e+02mag3.2863e-01.bin,5000000.0,5000000.0,1.318196906338449e-06,0.0002759322543152074,
467,320.44,0.5678481690862969,IC467K3.2044e+02mag5.6785e-01.bin,5000000.0,5000000.0,2.7198981503180383e-06,6.223888367682134e-05,
469,241.16,0.0018030197334546992,IC469K2.4116e+02mag1.8030e-03.bin,5000000.0,5000000.0,9.370130062654221e-08,6.781869141343608e-08,
471,148.81,0.009668915950459458,IC471K1.4881e+02mag9.6689e-03.bin,5000000.0,5000000.0,3.805573590831727e-08,0.0002814904515407747,
472,192.61,0.2764792202224255,IC472K1.9261e+02mag2.7648e-01.bin,5000000.0,5000000.0,8.789849352236109e-06,0.0002762987894643711,
473,12.403,0.04770882150725614,IC473K1.2403e+01mag4.7709e-02.bin,5000000.0,5000000.0,2.890941945911811e-07,6.529380404401468e-06,
476,236.05,0.01093139014245948,IC476K2.3605e+02mag1.0931e-02.bin,5000000.0,5000000.0,3.756120342170896e-07,2.6755207137869547e-05,
480,408.05,0.002665917704952598,IC480K4.0805e+02mag2.6659e-03.bin,5000000.0,5000000.0,2.9488420573640178e-09,2.431997705481747e-08,
482,539.72,0.7402914047500241,IC482K5.3972e+02mag7.4029e-01.bin,5000000.0,5000000.0,2.6273941629205828e-06,0.0003400600898564856,
485,506.41,0.003283655162393013,IC485K5.0641e+02mag3.2837e-03.bin,5000000.0,5000000.0,3.3195876093581377e-07,2.70430439830249e-07,
486,128.7,0.0010446204518076354,IC486K1.2870e+02mag1.0446e-03.bin,5000000.0,5000000.0,5.092319815457082e-08,5.980674777556927e-09,
488,85.227,0.04053268920743446,IC488K8.5227e+01mag4.0533e-02.bin,5000000.0,5000000.0,6.93747599838058e-08,0.00041874376062600935,
490,162.64,0.002775410840768743,IC490K1.6264e+02mag2.7754e-03.bin,5000000.0,5000000.0,1.0249303656394324e-07,1.320459070150042e-07,
492,80.387,0.08756499895171667,IC492K8.0387e+01mag8.7565e-02.bin,5000000.0,5000000.0,1.1845120621653399e-07,9.487362637717652e-08,
493,705.64,0.7255996308831006,IC493K7.0564e+02mag7.2560e-01.bin,5000000.0,5000000.0,2.908502817109051e-06,2.56424445909216e-06,
494,14.082,0.0012129315731970215,IC494K1.4082e+01mag1.2129e-03.bin,5000000.0,5000000.0,2.464394589811507e-07,9.000071992419711e-05,
495,37.681,0.8800279213540592,IC495K3.7681e+01mag8.8003e-01.bin,5000000.0,567611.002456829,5.310417563302349e-06,23.247297530537164,567.0
497,686.81,0.1680093459181974,IC497K6.8681e+02mag1.6801e-01.bin,5000000.0,5000000.0,1.24840966801241e-07,0.0002806260196405596,
499,808.39,0.08641184323353437,IC499K8.0839e+02mag8.6412e-02.bin,5000000.0,5000000.0,5.679110985327797e-06,0.0003987937621583436,
501,26.005,0.03456687007384105,IC501K2.6005e+01mag3.4567e-02.bin,5000000.0,5000000.0,9.994500525937413e-08,9.817192610882028e-06,
504,419.26,0.010247456366461485,IC504K4.1926e+02mag1.0247e-02.bin,5000000.0,5000000.0,1.9206407722021335e-09,3.008529259579151e-08,
506,496.34,0.0010444768194820793,IC506K4.9634e+02mag1.0445e-03.bin,5000000.0,5000000.0,5.174953231314169e-08,5.868223073978787e-07,
508,44.76,0.4649938028313171,IC508K4.4760e+01mag4.6499e-01.bin,5000000.0,5000000.0,6.7336129149995985e-09,0.0002228798719462957,
509,324.9,0.00565763387090256,IC509K3.2490e+02mag5.6576e-03.bin,5000000.0,5000000.0,3.235186301351126e-08,9.170841564155308e-08,
510,131.73,0.0015581022333783837,IC510K1.3173e+02mag1.5581e-03.bin,5000000.0,5000000.0,3.9514065267617546e-07,0.0005938947619438101,
515,97.527,0.04141930501244196,IC515K9.7527e+01mag4.1419e-02.bin,5000000.0,5000000.0,4.778424969170577e-08,0.00017986596568091043,
516,419.89,0.13342191931586073,IC516K4.1989e+02mag1.3342e-01.bin,5000000.0,5000000.0,1.830052074536861e-07,1.9498326361495813e-08,
517,64.485,0.0011306020430828904,IC517K6.4485e+01mag1.1306e-03.bin,5000000.0,5000000.0,6.934719306171722e-08,8.308952170436259e-09,
521,258.48,0.051321063301788566,IC521K2.5848e+02mag5.1321e-02.bin,5000000.0,5000000.0,1.3754004880227775e-07,1.489059897736521e-08,
525,316.64,0.013752002926807479,IC525K3.1664e+02mag1.3752e-02.bin,5000000.0,5000000.0,9.966870129407862e-08,1.7429438798793144e-07,
531,239.67,0.011610136171500474,IC531K2.3967e+02mag1.1610e-02.bin,5000000.0,5000000.0,1.2639532741943622e-07,1.0508548201249645e-05,
537,62.37600000000001,0.031135892782327475,IC537K6.2376e+01mag3.1136e-02.bin,5000000.0,5000000.0,3.444112542216558e-07,3.395098330677322e-05,
540,271.5,0.032855704324564285,IC540K2.7150e+02mag3.2856e-02.bin,5000000.0,5000000.0,2.4685389557811154e-07,0.0003480309664218026,
541,110.0,0.5949811442859642,IC541K1.1000e+02mag5.9498e-01.bin,5000000.0,5000000.0,8.114232457859873e-08,0.0006394225745495796,
544,67.038,0.0029340368501631024,IC544K6.7038e+01mag2.9340e-03.bin,5000000.0,5000000.0,6.424735459867002e-08,2.8273210847016048e-08,
546,15.199000000000002,0.7555346484999467,IC546K1.5199e+01mag7.5553e-01.bin,5000000.0,5000000.0,1.5148894246798135e-06,0.00041527876830136414,
548,78.972,0.0070894596698669295,IC548K7.8972e+01mag7.0895e-03.bin,5000000.0,5000000.0,2.5604752549507553e-08,5.8941189536957765e-08,
550,54.316,0.1935384014771236,IC550K5.4316e+01mag1.9354e-01.bin,5000000.0,5000000.0,1.2931014867907231e-07,0.0003065796197156875,
553,610.42,0.005745602179791213,IC553K6.1042e+02mag5.7456e-03.bin,5000000.0,5000000.0,1.9069928061345233e-07,8.615531674883041e-08,
556,457.36,0.006519889471551196,IC556K4.5736e+02mag6.5199e-03.bin,5000000.0,5000000.0,7.690050096089548e-08,8.168745964898128e-08,
559,130.48,0.016305483104653042,IC559K1.3048e+02mag1.6305e-02.bin,5000000.0,5000000.0,1.3909053927794102e-05,0.00043575625086552695,
561,813.53,0.6360106102355978,IC561K8.1353e+02mag6.3601e-01.bin,5000000.0,5000000.0,4.028177390541687e-06,0.00010232418831162026,
566,192.72,0.0012184814301171346,IC566K1.9272e+02mag1.2185e-03.bin,5000000.0,5000000.0,1.5736762672377195e-07,1.607504677260543e-08,
569,565.23,0.006809120838466904,IC569K5.6523e+02mag6.8091e-03.bin,5000000.0,5000000.0,6.095160235251059e-08,1.0322541694585538e-07,
570,80.20100000000002,0.4606351118497245,IC570K8.0201e+01mag4.6064e-01.bin,5000000.0,5000000.0,2.937300202147762e-08,3.985457327078725e-06,
574,130.35,0.3658433141059571,IC574K1.3035e+02mag3.6584e-01.bin,5000000.0,5000000.0,1.8412789415401706e-08,4.841271429549845e-05,
575,196.4,0.007070110208253273,IC575K1.9640e+02mag7.0701e-03.bin,5000000.0,5000000.0,5.529858700404007e-08,6.065177858551459e-07,
577,262.98,0.5930507745597045,IC577K2.6298e+02mag5.9305e-01.bin,5000000.0,5000000.0,1.4788603737757635e-07,7.397194782842878e-05,
583,18.095,0.0022041676638369385,IC583K1.8095e+01mag2.2042e-03.bin,5000000.0,5000000.0,6.334863229887742e-08,2.0403966126749526e-07,
584,50.775,0.002266653539842847,IC584K5.0775e+01mag2.2667e-03.bin,5000000.0,5000000.0,5.8463341151853696e-08,1.0614121776755738e-07,
587,81.22399999999998,0.3486647355011764,IC587K8.1224e+01mag3.4866e-01.bin,5000000.0,5000000.0,7.508893299579469e-07,0.00013695807803402175,
590,433.32,0.002557901806245362,IC590K4.3332e+02mag2.5579e-03.bin,5000000.0,5000000.0,9.081830344476395e-08,0.0003462693764165529,
591,134.03,0.0013772012052022395,IC591K1.3403e+02mag1.3772e-03.bin,5000000.0,5000000.0,1.25413090038234e-07,5.3922272979486783e-08,
597,261.32,0.03844884929844288,IC597K2.6132e+02mag3.8449e-02.bin,5000000.0,5000000.0,4.618225888935992e-07,0.0003790986047051892,
602,87.515,0.0022009961995860033,IC602K8.7515e+01mag2.2010e-03.bin,5000000.0,5000000.0,2.019627860708704e-06,8.860685842687025e-06,
604,38.37,0.003047546730105493,IC604K3.8370e+01mag3.0475e-03.bin,5000000.0,5000000.0,4.5126499969356816e-07,0.0002751603119049022,
605,53.867,0.03170214765366318,IC605K5.3867e+01mag3.1702e-02.bin,5000000.0,5000000.0,2.1847965011248006e-08,2.1147238733839706e-08,
607,705.16,0.0025223121754252608,IC607K7.0516e+02mag2.5223e-03.bin,5000000.0,5000000.0,1.710883919076865e-08,1.4388802460663873e-07,
609,303.3,0.0020155309748612358,IC609K3.0330e+02mag2.0155e-03.bin,5000000.0,5000000.0,2.2108376212167174e-08,1.509419390598249e-08,
614,481.83,0.07012490461370957,IC614K4.8183e+02mag7.0125e-02.bin,5000000.0,5000000.0,1.9015890915939637e-07,7.770674086838053e-08,
620,410.17,0.3068564682635301,IC620K4.1017e+02mag3.0686e-01.bin,5000000.0,5000000.0,4.4926228968538025e-08,2.3271074169474657e-05,
622,209.56,0.4114514377877963,IC622K2.0956e+02mag4.1145e-01.bin,5000000.0,5000000.0,8.166398515194789e-07,0.00014225255555132946,
623,255.54,0.2527729438841282,IC623K2.5554e+02mag2.5277e-01.bin,5000000.0,5000000.0,1.960044843824152e-06,9.108160200409584e-05,
629,790.46,0.4442200166114167,IC629K7.9046e+02mag4.4422e-01.bin,5000000.0,5000000.0,1.663917042008041e-06,0.0001350303723669983,
631,177.78,0.006036572788075549,IC631K1.7778e+02mag6.0366e-03.bin,5000000.0,2553001.4337081215,7.263627488076432e-09,0.8299632430167875,2553.0
632,460.37,0.021787867815348368,IC632K4.6037e+02mag2.1788e-02.bin,5000000.0,5000000.0,9.33875702957754e-08,1.0486614211482049e-06,
635,526.59,0.1989231805172861,IC635K5.2659e+02mag1.9892e-01.bin,5000000.0,5000000.0,3.2053943958124355e-07,0.0004260967424470074,
636,77.87899999999998,0.0015996602580938555,IC636K7.7879e+01mag1.5997e-03.bin,5000000.0,5000000.0,2.0886355136633336e-08,6.875239076546523e-09,
637,79.597,0.06112525133566085,IC637K7.9597e+01mag6.1125e-02.bin,5000000.0,5000000.0,1.2810445035402794e-06,2.909894556862084e-07,
640,95.705,0.00433724640285365,IC640K9.5705e+01mag4.3372e-03.bin,5000000.0,5000000.0,1.4146262564995248e-07,1.5080295383152115e-07,
642,118.09,0.006642366932976054,IC642K1.1809e+02mag6.6424e-03.bin,5000000.0,5000000.0,2.565627489224863e-07,1.2989502926891174e-07,
644,129.26,0.0051252757202627395,IC644K1.2926e+02mag5.1253e-03.bin,5000000.0,5000000.0,9.873531915110488e-08,9.868387415059504e-08,
645,418.67,0.2199022271728604,IC645K4.1867e+02mag2.1990e-01.bin,5000000.0,5000000.0,1.2633770512189235e-07,0.00039784253296417044,
646,869.27,0.0044476467124495,IC646K8.6927e+02mag4.4476e-03.bin,5000000.0,5000000.0,2.602896367812355e-07,1.2243835293464882e-08,
647,71.206,0.003223159951178525,IC647K7.1206e+01mag3.2232e-03.bin,5000000.0,5000000.0,2.1213888180738677e-08,3.2738378089278205e-07,
650,575.28,0.007285546540181213,IC650K5.7528e+02mag7.2855e-03.bin,5000000.0,5000000.0,4.540196492602141e-08,0.0002109996006110282,
652,69.917,0.0360510230330694,IC652K6.9917e+01mag3.6051e-02.bin,5000000.0,5000000.0,6.9095132303238e-08,1.325432221320041e-06,
657,57.609,0.029142890162238144,IC657K5.7609e+01mag2.9143e-02.bin,5000000.0,5000000.0,6.077004835682043e-08,1.7091263021161135e-07,
658,205.57,0.2261956857043359,IC658K2.0557e+02mag2.2620e-01.bin,5000000.0,5000000.0,1.8986489421466104e-07,0.0005459889141787403,
659,133.06,0.16661364332015416,IC659K1.3306e+02mag1.6661e-01.bin,5000000.0,5000000.0,2.9136583350226266e-07,2.1449242163895671e-07,
660,245.66,0.011412780658643646,IC660K2.4566e+02mag1.1413e-02.bin,5000000.0,5000000.0,1.1705048854956301e-07,2.2935996531340374e-07,
668,292.1,0.026456064964473096,IC668K2.9210e+02mag2.6456e-02.bin,5000000.0,5000000.0,1.9071785491018868e-07,1.3808121875425386e-07,
669,153.74,0.10962289500657844,IC669K1.5374e+02mag1.0962e-01.bin,5000000.0,5000000.0,1.5857239363216435e-07,7.586642066024598e-05,
672,456.94,0.15095298469103874,IC672K4.5694e+02mag1.5095e-01.bin,5000000.0,5000000.0,4.1602647829570895e-08,5.697179788355657e-07,
675,107.0,0.06586163265553567,IC675K1.0700e+02mag6.5862e-02.bin,5000000.0,5000000.0,1.357406802299714e-07,4.0192773702326797e-08,
678,110.61,0.04470406455238704,IC678K1.1061e+02mag4.4704e-02.bin,5000000.0,5000000.0,1.3366120421474159e-08,6.319321690695926e-08,
679,886.97,0.005977109789982157,IC679K8.8697e+02mag5.9771e-03.bin,5000000.0,5000000.0,1.5818863772091056e-07,5.802051699160237e-08,
684,300.13,0.0177792609469931,IC684K3.0013e+02mag1.7779e-02.bin,5000000.0,5000000.0,1.517699308157957e-07,2.4029990869357987e-08,
685,145.39,0.17624755759190308,IC685K1.4539e+02mag1.7625e-01.bin,5000000.0,5000000.0,5.5899323198788445e-08,0.00018863589645299892,
688,235.09,0.005989885815889198,IC688K2.3509e+02mag5.9899e-03.bin,5000000.0,5000000.0,7.00450039257715e-10,5.4348551295759624e-08,
693,533.49,0.15575175691445098,IC693K5.3349e+02mag1.5575e-01.bin,5000000.0,5000000.0,5.57235896081615e-08,1.1325420974241578e-06,
694,662.4,0.040296686105402366,IC694K6.6240e+02mag4.0297e-02.bin,5000000.0,5000000.0,2.916402077716807e-08,9.153793022333746e-09,
695,287.88,0.2148348002590387,IC695K2.8788e+02mag2.1483e-01.bin,5000000.0,5000000.0,2.3044595643651918e-08,0.00043851372204687245,
703,747.33,0.0011825296793356555,IC703K7.4733e+02mag1.1825e-03.bin,5000000.0,5000000.0,2.282317219517013e-07,0.00013212136591246715,
705,176.43,0.537022555306125,IC705K1.7643e+02mag5.3702e-01.bin,5000000.0,5000000.0,9.412638846267963e-07,0.0003255531815895877,
706,86.876,0.01515835614798755,IC706K8.6876e+01mag1.5158e-02.bin,5000000.0,5000000.0,4.816302901368238e-08,2.1093983913547306e-08,
710,508.77,0.12671582993052,IC710K5.0877e+02mag1.2672e-01.bin,5000000.0,5000000.0,2.2221336785686693e-07,0.00033331172835030236,
711,130.23,0.09597795507709196,IC711K1.3023e+02mag9.5978e-02.bin,5000000.0,5000000.0,8.166275829349763e-08,0.00014415349851219946,
719,234.85,0.0011073242977580472,IC719K2.3485e+02mag1.1073e-03.bin,5000000.0,5000000.0,1.9021361028375752e-07,1.1123900806075835e-07,
722,18.658,0.03568730083128629,IC722K1.8658e+01mag3.5687e-02.bin,5000000.0,5000000.0,5.081228512366058e-07,0.00029534218693862043,
725,97.928,0.42774873573575495,IC725K9.7928e+01mag4.2775e-01.bin,5000000.0,5000000.0,2.687066640344237e-07,1.013948338756602e-07,
726,364.89,0.0018918203491245977,IC726K3.6489e+02mag1.8918e-03.bin,5000000.0,5000000.0,6.015619071607983e-08,7.788253476728851e-08,
731,68.643,0.7000341155057614,IC731K6.8643e+01mag7.0003e-01.bin,5000000.0,5000000.0,3.3764086487908785e-06,0.0003704083253837974,
735,226.75,0.9446001629589108,IC735K2.2675e+02mag9.4460e-01.bin,5000000.0,5000000.0,2.9260138282827127e-06,0.000826017920616878,
738,48.703,0.011088354302824314,IC738K4.8703e+01mag1.1088e-02.bin,5000000.0,5000000.0,3.139328631743683e-08,3.7070720714870626e-08,
739,587.77,0.0011332601467608026,IC739K5.8777e+02mag1.1333e-03.bin,5000000.0,5000000.0,5.470811131208605e-08,4.380055036945315e-08,
740,145.39,0.023847207008573262,IC740K1.4539e+02mag2.3847e-02.bin,5000000.0,5000000.0,4.762129065683292e-08,2.363902894155488e-07,
741,152.31,0.4467067107747433,IC741K1.5231e+02mag4.4671e-01.bin,5000000.0,5000000.0,4.8924884812805027e-08,0.00027419689158473214,
744,35.44,0.0018664914418103809,IC744K3.5440e+01mag1.8665e-03.bin,5000000.0,5000000.0,8.089802937643314e-08,4.691278095674116e-07,
745,812.91,0.001947738091983161,IC745K8.1291e+02mag1.9477e-03.bin,5000000.0,5000000.0,1.4568717478048667e-08,4.598445115097268e-09,
746,469.62,0.4461351764832285,IC746K4.6962e+02mag4.4614e-01.bin,5000000.0,5000000.0,7.927254038468222e-06,0.0001489580849540958,
754,229.9,0.02617219174337236,IC754K2.2990e+02mag2.6172e-02.bin,5000000.0,5000000.0,9.310293442352045e-08,4.073299877830924e-07,
755,577.99,0.034459205607664974,IC755K5.7799e+02mag3.4459e-02.bin,5000000.0,2291324.857260433,1.626803994691904e-07,3.437585123839845,2291.0
757,784.05,0.2307214802514633,IC757K7.8405e+02mag2.3072e-01.bin,5000000.0,5000000.0,4.193419668304847e-06,0.0005917332676086494,
759,82.67399999999998,0.038645863255092526,IC759K8.2674e+01mag3.8646e-02.bin,5000000.0,5000000.0,3.918902244734233e-08,1.1483180713913464e-09,
762,229.15,0.9084751919011114,IC762K2.2915e+02mag9.0848e-01.bin,5000000.0,5000000.0,5.088787335158983e-08,0.0005479513590644071,
766,150.72,0.028343597448757925,IC766K1.5072e+02mag2.8344e-02.bin,5000000.0,5000000.0,1.1676243729746347e-07,1.5660969403685701e-06,
768,168.43,0.13384034761383093,IC768K1.6843e+02mag1.3384e-01.bin,5000000.0,5000000.0,1.773771779159946e-07,2.945924870422621e-08,
770,190.2,0.004001748367159373,IC770K1.9020e+02mag4.0017e-03.bin,5000000.0,5000000.0,4.5013743693814934e-08,8.92056339552789e-09,
771,57.664,0.0030763084546797425,IC771K5.7664e+01mag3.0763e-03.bin,5000000.0,5000000.0,1.0962225253426663e-07,5.5090363535304e-07,
772,34.158,0.027780997052610387,IC772K3.4158e+01mag2.7781e-02.bin,5000000.0,5000000.0,1.7544575829103625e-07,7.592019916868079e-08,
773,610.27,0.2667434681171121,IC773K6.1027e+02mag2.6674e-01.bin,5000000.0,5000000.0,6.282283640390248e-06,0.0003659360247210517,
775,56.425,0.005501667045480681,IC775K5.6425e+01mag5.5017e-03.bin,5000000.0,5000000.0,3.4049703794464374e-08,1.2639437714540896e-08,
777,20.199,0.008073648339837064,IC777K2.0199e+01mag8.0736e-03.bin,5000000.0,5000000.0,2.4743162722268995e-08,5.1133163550317684e-05,
778,683.09,0.1654793758169967,IC778K6.8309e+02mag1.6548e-01.bin,5000000.0,5000000.0,2.339162033351726e-06,0.000375706233125818,
781,250.64,0.3234353588287232,IC781K2.5064e+02mag3.2344e-01.bin,5000000.0,5000000.0,1.2967022115373307e-07,2.5063364123242885e-07,
783,68.554,0.0013965697958101412,IC783K6.8554e+01mag1.3966e-03.bin,5000000.0,5000000.0,3.329761506550866e-08,3.9555377490599517e-07,
784,74.854,0.4670978671925068,IC784K7.4854e+01mag4.6710e-01.bin,5000000.0,5000000.0,2.4124824337764982e-08,0.00033061900438649295,
787,162.63,0.1110603442942848,IC787K1.6263e+02mag1.1106e-01.bin,5000000.0,5000000.0,4.915930223458361e-08,2.2103594218124625e-07,
791,261.11,0.025493766223182158,IC791K2.6111e+02mag2.5494e-02.bin,5000000.0,5000000.0,4.3041874979014606e-08,6.268403441115415e-07,
793,372.66,0.005925889661451026,IC793K3.7266e+02mag5.9259e-03.bin,5000000.0,5000000.0,1.0066074557037727e-07,1.1472224898762015e-07,
794,474.27,0.9345769675380896,IC794K4.7427e+02mag9.3458e-01.bin,5000000.0,5000000.0,1.7817771836068285e-06,0.00015176326521412872,
799,984.51,0.006899267978913715,IC799K9.8451e+02mag6.8993e-03.bin,5000000.0,3891617.7797713103,8.208743791382281e-08,2.766578925785825,3891.0
801,103.89,0.007518714242125721,IC801K1.0389e+02mag7.5187e-03.bin,5000000.0,5000000.0,6.388190284411658e-08,8.931568552882936e-08,
808,827.37,0.004451453636108505,IC808K8.2737e+02mag4.4515e-03.bin,5000000.0,5000000.0,2.6778946787508807e-07,2.3274745837504362e-07,
809,12.369000000000002,0.12924142880830838,IC809K1.2369e+01mag1.2924e-01.bin,5000000.0,5000000.0,9.180489075992529e-07,0.00040655675922757445,
811,153.82,0.0354038579602272,IC811K1.5382e+02mag3.5404e-02.bin,5000000.0,5000000.0,1.9203420787029615e-07,5.178597154496036e-08,
812,102.32,0.06573290336968624,IC812K1.0232e+02mag6.5733e-02.bin,5000000.0,5000000.0,1.3276812834717292e-07,3.30619069365843e-05,
824,73.242,0.005378450852163182,IC824K7.3242e+01mag5.3785e-03.bin,5000000.0,5000000.0,1.558533076819269e-08,5.668980353483273e-08,
825,298.1,0.13955720840512176,IC825K2.9810e+02mag1.3956e-01.bin,5000000.0,5000000.0,7.840449377881414e-08,0.0005455511552615816,
826,985.97,0.027239309417950226,IC826K9.8597e+02mag2.7239e-02.bin,5000000.0,5000000.0,6.503247956225948e-08,5.7236086881348176e-08,
834,168.22,0.0040739911286321396,IC834K1.6822e+02mag4.0740e-03.bin,5000000.0,5000000.0,7.724808323016831e-09,2.6756040125148e-08,
836,545.64,0.0030946061461264588,IC836K5.4564e+02mag3.0946e-03.bin,5000000.0,5000000.0,6.870395061869251e-08,4.896444421069882e-05,
838,205.01,0.052533665497287815,IC838K2.0501e+02mag5.2534e-02.bin,5000000.0,5000000.0,1.8165007734696092e-07,1.6009981873550306e-08,
839,241.58,0.13670256476447915,IC839K2.4158e+02mag1.3670e-01.bin,5000000.0,5000000.0,3.442828091643212e-07,0.0003814605371279765,
842,184.68,0.08707667304346463,IC842K1.8468e+02mag8.7077e-02.bin,5000000.0,5000000.0,6.511741812910862e-08,3.968026912341273e-08,
847,752.68,0.08453030334486715,IC847K7.5268e+02mag8.4530e-02.bin,5000000.0,5000000.0,6.574741237180626e-09,5.4795023850175645e-05,
853,58.097,0.0013295697275459589,IC853K5.8097e+01mag1.3296e-03.bin,5000000.0,5000000.0,1.2158482774742213e-07,7.512304923180955e-08,
854,108.41,0.2745852452781676,IC854K1.0841e+02mag2.7459e-01.bin,5000000.0,5000000.0,1.409718940862692e-07,1.8113095545385468e-07,
861,308.33,0.12196729370631185,IC861K3.0833e+02mag1.2197e-01.bin,5000000.0,5000000.0,1.4302053915945023e-08,4.772090440437699e-05,
863,352.71,0.015748928210697802,IC863K3.5271e+02mag1.5749e-02.bin,5000000.0,5000000.0,1.2828636330162458e-07,8.571498686253052e-07,
864,191.28,0.8634740919786201,IC864K1.9128e+02mag8.6347e-01.bin,5000000.0,5000000.0,1.0930157080822049e-07,0.00016998488353470623,
866,103.4,0.8778237166987891,IC866K1.0340e+02mag8.7782e-01.bin,5000000.0,5000000.0,5.862362149002954e-06,0.00035855216874863637,
868,22.058000000000003,0.008287465505697053,IC868K2.2058e+01mag8.2875e-03.bin,5000000.0,5000000.0,1.6844673644005918e-07,1.4254158544935922e-07,
870,89.139,0.0818042727844851,IC870K8.9139e+01mag8.1804e-02.bin,5000000.0,5000000.0,1.6394742620020195e-09,4.939293425224557e-05,
871,191.7,0.002786970969478604,IC871K1.9170e+02mag2.7870e-03.bin,5000000.0,5000000.0,3.558904133621178e-08,2.9114192914853234e-08,
874,726.97,0.009672683243946186,IC874K7.2697e+02mag9.6727e-03.bin,5000000.0,5000000.0,8.419033193075497e-08,5.8893632048940306e-08,
875,117.52,0.0011780151223544655,IC875K1.1752e+02mag1.1780e-03.bin,5000000.0,5000000.0,4.522326886337999e-08,3.573101647376164e-07,
882,189.09,0.02562885811804255,IC882K1.8909e+02mag2.5629e-02.bin,5000000.0,5000000.0,3.152549632522363e-07,3.252019034402621e-07,
890,212.42,0.01705375172343113,IC890K2.1242e+02mag1.7054e-02.bin,5000000.0,5000000.0,5.902930811653525e-08,2.399255208072339e-07,
899,69.82600000000001,0.026861998417224264,IC899K6.9826e+01mag2.6862e-02.bin,5000000.0,5000000.0,1.157200425036675e-07,1.1474038415699655e-07,
900,73.52,0.008355718118324256,IC900K7.3520e+01mag8.3557e-03.bin,5000000.0,5000000.0,5.8910572473664325e-08,4.231445000925563e-08,
901,338.09,0.002582741364195471,IC901K3.3809e+02mag2.5827e-03.bin,5000000.0,5000000.0,1.2600559946646687e-07,5.053350632010916e-07,
906,163.98,0.20185166301681515,IC906K1.6398e+02mag2.0185e-01.bin,5000000.0,5000000.0,1.489636555939859e-06,2.933074790443201e-06,
908,36.661,0.16123546721572946,IC908K3.6661e+01mag1.6124e-01.bin,5000000.0,5000000.0,1.644735700416747e-07,7.657336079179085e-05,
912,252.8,0.02701171955918969,IC912K2.5280e+02mag2.7012e-02.bin,5000000.0,5000000.0,2.9434337374361714e-07,4.759648005070321e-08,
915,655.24,0.3938566182337209,IC915K6.5524e+02mag3.9386e-01.bin,5000000.0,5000000.0,3.032607488851846e-08,4.851474899173587e-08,
918,317.11,0.5241146919084828,IC918K3.1711e+02mag5.2411e-01.bin,5000000.0,5000000.0,1.8411354768636263e-06,0.00038543140038893174,
920,230.89,0.5382536660933658,IC920K2.3089e+02mag5.3825e-01.bin,5000000.0,5000000.0,5.471131613908456e-08,0.0003952403623491017,
922,52.365,0.0076748017381162645,IC922K5.2365e+01mag7.6748e-03.bin,5000000.0,5000000.0,2.437214291516939e-07,1.51066415701811e-08,
927,187.6,0.002674344907279679,IC927K1.8760e+02mag2.6743e-03.bin,5000000.0,5000000.0,1.984422969823074e-08,1.8312483267172867e-08,
928,149.04,0.12863123965310894,IC928K1.4904e+02mag1.2863e-01.bin,5000000.0,5000000.0,3.242804518402187e-07,1.0527416085962092e-07,
929,128.15,0.002196883820766013,IC929K1.2815e+02mag2.1969e-03.bin,5000000.0,5000000.0,1.4488062300141496e-07,1.0958218731343958e-08,
930,239.09,0.7725578183768133,IC930K2.3909e+02mag7.7256e-01.bin,5000000.0,5000000.0,5.616819209921378e-07,1.559825663145587e-07,
932,91.308,0.022390986782634143,IC932K9.1308e+01mag2.2391e-02.bin,5000000.0,5000000.0,9.188190967622984e-08,2.8434922577712298e-08,
935,280.08,0.4424258487990323,IC935K2.8008e+02mag4.4243e-01.bin,5000000.0,5000000.0,1.4150917284959251e-08,0.0006764255994940497,
936,284.14,0.02168883540439407,IC936K2.8414e+02mag2.1689e-02.bin,5000000.0,5000000.0,5.7589688566423526e-08,4.169668115717531e-08,
938,342.93,0.001450205435347434,IC938K3.4293e+02mag1.4502e-03.bin,5000000.0,5000000.0,3.866936852979819e-08,4.101404895620553e-08,
943,295.61,0.09519593487433678,IC943K2.9561e+02mag9.5196e-02.bin,5000000.0,5000000.0,1.297951117553885e-07,0.00042782855137383054,
946,419.64,0.005510539720203325,IC946K4.1964e+02mag5.5105e-03.bin,5000000.0,5000000.0,3.202337785474621e-08,1.0340427218317077e-07,
951,144.4,0.0014167965752790528,IC951K1.4440e+02mag1.4168e-03.bin,5000000.0,5000000.0,3.267876672683584e-07,1.3423764038612468e-05,
957,645.07,0.020720997761275884,IC957K6.4507e+02mag2.0721e-02.bin,5000000.0,5000000.0,1.9503503432101646e-05,4.8674491063354356e-05,
959,83.723,0.05194494637122872,IC959K8.3723e+01mag5.1945e-02.bin,5000000.0,5000000.0,2.7271825362505658e-08,4.187154441254797e-06,
962,238.56,0.001045228028753507,IC962K2.3856e+02mag1.0452e-03.bin,5000000.0,5000000.0,1.761678776482591e-08,0.00026218768827125703,
963,16.945999999999998,0.0019830188794966517,IC963K1.6946e+01mag1.9830e-03.bin,5000000.0,5000000.0,7.965866563771314e-09,8.399663092039763e-05,
965,388.62,0.6414677505314509,IC965K3.8862e+02mag6.4147e-01.bin,5000000.0,5000000.0,3.530827005849616e-07,0.0005974083377154408,
970,437.95,0.002572772919827995,IC970K4.3795e+02mag2.5728e-03.bin,5000000.0,5000000.0,9.141844051322146e-08,2.1173903182553795e-07,
971,192.39,0.2062525897333614,IC971K1.9239e+02mag2.0625e-01.bin,5000000.0,5000000.0,1.4383868240414336e-06,0.00011493636867599183,
972,969.69,0.5207816551199606,IC972K9.6969e+02mag5.2078e-01.bin,5000000.0,5000000.0,5.5587503997567125e-08,2.2103577782225097e-07,
973,713.12,0.02027244373326865,IC973K7.1312e+02mag2.0272e-02.bin,5000000.0,5000000.0,3.3740225145011014e-07,1.4700391223486102e-07,
975,349.39,0.04647544932255414,IC975K3.4939e+02mag4.6475e-02.bin,5000000.0,5000000.0,6.463037128254359e-08,4.2508908749538365e-07,
976,837.43,0.0025792112342418066,IC976K8.3743e+02mag2.5792e-03.bin,5000000.0,5000000.0,4.290267684235369e-06,0.00018143322129339655,
979,42.746,0.02589019127888366,IC979K4.2746e+01mag2.5890e-02.bin,5000000.0,5000000.0,4.111671853306189e-08,7.158709210369753e-08,
984,28.237,0.07625435056371499,IC984K2.8237e+01mag7.6254e-02.bin,5000000.0,5000000.0,1.594734108328815e-08,0.0005133228353134587,
986,201.97,0.052832324032149984,IC986K2.0197e+02mag5.2832e-02.bin,5000000.0,5000000.0,6.400428295503554e-08,1.5273116430554213e-07,
990,914.57,0.0064516640577155894,IC990K9.1457e+02mag6.4517e-03.bin,5000000.0,5000000.0,2.984324077265192e-08,1.1537992584267622e-07,
995,53.041,0.9034963222319344,IC995K5.3041e+01mag9.0350e-01.bin,5000000.0,5000000.0,1.9027507122224593e-07,7.656570168382641e-05,
997,77.84100000000002,0.5309688158886527,IC997K7.7841e+01mag5.3097e-01.bin,5000000.0,5000000.0,3.3447675107277545e-08,0.0006600447479334688,
