,K,mag,filename
0,125.21,0.13981961408994042,IC0K1.2521e+02mag1.3982e-01.bin
2,74.471,0.0011961308606153204,IC2K7.4471e+01mag1.1961e-03.bin
4,859.13,0.043822459418556364,IC4K8.5913e+02mag4.3822e-02.bin
6,610.55,0.009906937334398729,IC6K6.1055e+02mag9.9069e-03.bin
7,14.210999999999999,0.2186534714057171,IC7K1.4211e+01mag2.1865e-01.bin
8,558.29,0.8046777417892738,IC8K5.5829e+02mag8.0468e-01.bin
10,348.85,0.0011541329711371676,IC10K3.4885e+02mag1.1541e-03.bin
13,359.26,0.005159690601117633,IC13K3.5926e+02mag5.1597e-03.bin
15,498.47,0.003441024578965232,IC15K4.9847e+02mag3.4410e-03.bin
16,27.963,0.03710992052003758,IC16K2.7963e+01mag3.7110e-02.bin
17,38.845,0.0390625208786718,IC17K3.8845e+01mag3.9063e-02.bin
18,199.87,0.03283674657468433,IC18K1.9987e+02mag3.2837e-02.bin
19,15.67,0.1921981265296755,IC19K1.5670e+01mag1.9220e-01.bin
22,26.116999999999997,0.027863982281787117,IC22K2.6117e+01mag2.7864e-02.bin
27,71.03,0.27781214102926544,IC27K7.1030e+01mag2.7781e-01.bin
29,533.97,0.007156783765663499,IC29K5.3397e+02mag7.1568e-03.bin
30,194.22,0.01387539862905043,IC30K1.9422e+02mag1.3875e-02.bin
35,82.435,0.008414897317776894,IC35K8.2435e+01mag8.4149e-03.bin
36,286.43,0.06380322587719688,IC36K2.8643e+02mag6.3803e-02.bin
37,774.45,0.02467712283708881,IC37K7.7445e+02mag2.4677e-02.bin
46,369.54,0.08026036272969123,IC46K3.6954e+02mag8.0260e-02.bin
51,224.63,0.0013618728018408247,IC51K2.2463e+02mag1.3619e-03.bin
55,15.354000000000001,0.8221816126891812,IC55K1.5354e+01mag8.2218e-01.bin
62,11.682,0.029330706484609424,IC62K1.1682e+01mag2.9331e-02.bin
70,716.08,0.4142656110657146,IC70K7.1608e+02mag4.1427e-01.bin
73,192.92,0.041291702808823036,IC73K1.9292e+02mag4.1292e-02.bin
76,41.847,0.2863925142471053,IC76K4.1847e+01mag2.8639e-01.bin
83,32.665,0.1125544704969982,IC83K3.2665e+01mag1.1255e-01.bin
92,591.24,0.23213717790416386,IC92K5.9124e+02mag2.3214e-01.bin
93,163.2,0.09387170495401244,IC93K1.6320e+02mag9.3872e-02.bin
94,274.64,0.06632290292876122,IC94K2.7464e+02mag6.6323e-02.bin
98,291.43,0.05029989127947607,IC98K2.9143e+02mag5.0300e-02.bin
100,122.13,0.0068408198761721615,IC100K1.2213e+02mag6.8408e-03.bin
101,107.84,0.05152319196567416,IC101K1.0784e+02mag5.1523e-02.bin
111,167.63,0.0032152094010798713,IC111K1.6763e+02mag3.2152e-03.bin
118,767.9,0.05462779600725511,IC118K7.6790e+02mag5.4628e-02.bin
119,496.24,0.031152551982754358,IC119K4.9624e+02mag3.1153e-02.bin
120,226.94,0.03458409430528473,IC120K2.2694e+02mag3.4584e-02.bin
123,247.14,0.007218018732952581,IC123K2.4714e+02mag7.2180e-03.bin
125,103.15,0.0014879628404018946,IC125K1.0315e+02mag1.4880e-03.bin
127,111.6,0.0013179196170619385,IC127K1.1160e+02mag1.3179e-03.bin
130,19.198,0.008602666430106098,IC130K1.9198e+01mag8.6027e-03.bin
131,199.67,0.6987591333616621,IC131K1.9967e+02mag6.9876e-01.bin
141,683.55,0.03691345474625062,IC141K6.8355e+02mag3.6913e-02.bin
142,636.98,0.0471435852499796,IC142K6.3698e+02mag4.7144e-02.bin
146,99.133,0.07189867644204262,IC146K9.9133e+01mag7.1899e-02.bin
147,54.123999999999995,0.07923993321735398,IC147K5.4124e+01mag7.9240e-02.bin
149,578.92,0.8691821722605563,IC149K5.7892e+02mag8.6918e-01.bin
152,789.69,0.17018902820589646,IC152K7.8969e+02mag1.7019e-01.bin
154,103.62,0.07792051639448612,IC154K1.0362e+02mag7.7921e-02.bin
159,378.17,0.0038830800172831204,IC159K3.7817e+02mag3.8831e-03.bin
162,43.853,0.1850399672715453,IC162K4.3853e+01mag1.8504e-01.bin
163,238.74,0.026440458577690288,IC163K2.3874e+02mag2.6440e-02.bin
167,626.26,0.003128574466080432,IC167K6.2626e+02mag3.1286e-03.bin
168,156.89,0.03652065753733735,IC168K1.5689e+02mag3.6521e-02.bin
174,83.191,0.4885920893791154,IC174K8.3191e+01mag4.8859e-01.bin
178,111.99,0.0013034068657734547,IC178K1.1199e+02mag1.3034e-03.bin
179,795.99,0.00744015596759741,IC179K7.9599e+02mag7.4402e-03.bin
188,105.67,0.23392138385806546,IC188K1.0567e+02mag2.3392e-01.bin
190,309.21,0.07613082695775443,IC190K3.0921e+02mag7.6131e-02.bin
191,121.12,0.005841532251724246,IC191K1.2112e+02mag5.8415e-03.bin
192,327.04,0.012526368617456388,IC192K3.2704e+02mag1.2526e-02.bin
196,239.34,0.05419087611710627,IC196K2.3934e+02mag5.4191e-02.bin
197,544.27,0.2260001162247133,IC197K5.4427e+02mag2.2600e-01.bin
198,165.81,0.7528874137356177,IC198K1.6581e+02mag7.5289e-01.bin
201,16.897000000000002,0.17524372182910322,IC201K1.6897e+01mag1.7524e-01.bin
203,496.36,0.003688207001735572,IC203K4.9636e+02mag3.6882e-03.bin
204,726.3,0.013919007466019316,IC204K7.2630e+02mag1.3919e-02.bin
205,832.76,0.048175510435085535,IC205K8.3276e+02mag4.8176e-02.bin
214,12.488,0.011672776301886694,IC214K1.2488e+01mag1.1673e-02.bin
215,20.316,0.029423570340992636,IC215K2.0316e+01mag2.9424e-02.bin
220,52.518,0.013211747148222031,IC220K5.2518e+01mag1.3212e-02.bin
221,123.92,0.7814875181871144,IC221K1.2392e+02mag7.8149e-01.bin
222,112.73,0.1137500392674025,IC222K1.1273e+02mag1.1375e-01.bin
223,427.34,0.2317932941217889,IC223K4.2734e+02mag2.3179e-01.bin
226,616.47,0.010826308766357179,IC226K6.1647e+02mag1.0826e-02.bin
228,70.408,0.04219182398833109,IC228K7.0408e+01mag4.2192e-02.bin
235,726.4,0.03699313519911422,IC235K7.2640e+02mag3.6993e-02.bin
237,945.4,0.005201846780886675,IC237K9.4540e+02mag5.2018e-03.bin
239,41.655,0.002451387438276329,IC239K4.1655e+01mag2.4514e-03.bin
240,38.638000000000005,0.019549272356819504,IC240K3.8638e+01mag1.9549e-02.bin
241,169.78,0.05431499108733257,IC241K1.6978e+02mag5.4315e-02.bin
243,26.018,0.22180736520266636,IC243K2.6018e+01mag2.2181e-01.bin
245,651.19,0.00217565492339598,IC245K6.5119e+02mag2.1757e-03.bin
247,53.996,0.5279885510888243,IC247K5.3996e+01mag5.2799e-01.bin
248,242.09,0.028517077601001962,IC248K2.4209e+02mag2.8517e-02.bin
251,188.46,0.002037273911224723,IC251K1.8846e+02mag2.0373e-03.bin
255,84.698,0.004667734561578279,IC255K8.4698e+01mag4.6677e-03.bin
257,723.86,0.26300770541197305,IC257K7.2386e+02mag2.6301e-01.bin
259,240.13,0.002006951100097585,IC259K2.4013e+02mag2.0070e-03.bin
261,399.83,0.0286702897523633,IC261K3.9983e+02mag2.8670e-02.bin
270,244.48,0.2662492776722173,IC270K2.4448e+02mag2.6625e-01.bin
272,31.293000000000003,0.43222726490344604,IC272K3.1293e+01mag4.3223e-01.bin
282,54.556999999999995,0.014968113833411671,IC282K5.4557e+01mag1.4968e-02.bin
283,156.61,0.009547061327203014,IC283K1.5661e+02mag9.5471e-03.bin
288,127.8,0.1396681564536834,IC288K1.2780e+02mag1.3967e-01.bin
289,284.62,0.037219133330314944,IC289K2.8462e+02mag3.7219e-02.bin
290,35.223,0.006128906062777926,IC290K3.5223e+01mag6.1289e-03.bin
293,428.03,0.11723313131673163,IC293K4.2803e+02mag1.1723e-01.bin
294,216.8,0.002564296173234518,IC294K2.1680e+02mag2.5643e-03.bin
295,175.51,0.009878956455710864,IC295K1.7551e+02mag9.8790e-03.bin
301,47.266999999999996,0.060357667842208064,IC301K4.7267e+01mag6.0358e-02.bin
308,370.62,0.11657040855345505,IC308K3.7062e+02mag1.1657e-01.bin
310,433.55,0.10132248024306556,IC310K4.3355e+02mag1.0132e-01.bin
311,81.111,0.02082148912478946,IC311K8.1111e+01mag2.0821e-02.bin
314,681.94,0.05829425292387275,IC314K6.8194e+02mag5.8294e-02.bin
316,458.29,0.1723426140120887,IC316K4.5829e+02mag1.7234e-01.bin
317,40.616,0.15097551611282387,IC317K4.0616e+01mag1.5098e-01.bin
318,149.09,0.010484058947535471,IC318K1.4909e+02mag1.0484e-02.bin
320,268.35,0.0058600296578837155,IC320K2.6835e+02mag5.8600e-03.bin
328,30.563000000000002,0.005839616981234432,IC328K3.0563e+01mag5.8396e-03.bin
332,686.04,0.1950748551388972,IC332K6.8604e+02mag1.9507e-01.bin
337,397.94,0.0028886986354134648,IC337K3.9794e+02mag2.8887e-03.bin
345,55.18899999999999,0.09877628310272699,IC345K5.5189e+01mag9.8776e-02.bin
347,34.113,0.007295288553311156,IC347K3.4113e+01mag7.2953e-03.bin
350,73.158,0.1408464378943816,IC350K7.3158e+01mag1.4085e-01.bin
352,557.02,0.04842444286284369,IC352K5.5702e+02mag4.8424e-02.bin
357,279.59,0.006396551101719599,IC357K2.7959e+02mag6.3966e-03.bin
358,267.44,0.0037026731382899937,IC358K2.6744e+02mag3.7027e-03.bin
359,572.65,0.1259129136439659,IC359K5.7265e+02mag1.2591e-01.bin
360,98.98200000000001,0.6676918021245885,IC360K9.8982e+01mag6.6769e-01.bin
363,16.249000000000002,0.13500040308296093,IC363K1.6249e+01mag1.3500e-01.bin
364,70.872,0.0019819774617104093,IC364K7.0872e+01mag1.9820e-03.bin
365,763.68,0.08410234698333383,IC365K7.6368e+02mag8.4102e-02.bin
369,199.53,0.010723755296690531,IC369K1.9953e+02mag1.0724e-02.bin
371,219.54,0.05225008646738059,IC371K2.1954e+02mag5.2250e-02.bin
373,244.72,0.056203870389359104,IC373K2.4472e+02mag5.6204e-02.bin
376,64.32,0.24568840746932485,IC376K6.4320e+01mag2.4569e-01.bin
377,17.257,0.03654660628079913,IC377K1.7257e+01mag3.6547e-02.bin
379,405.58,0.003065560700052732,IC379K4.0558e+02mag3.0656e-03.bin
382,322.08,0.009689489014513645,IC382K3.2208e+02mag9.6895e-03.bin
383,75.828,0.004108179129560444,IC383K7.5828e+01mag4.1082e-03.bin
384,372.56,0.0071496150634992655,IC384K3.7256e+02mag7.1496e-03.bin
386,299.51,0.021012899639419626,IC386K2.9951e+02mag2.1013e-02.bin
387,152.74,0.004205414290234729,IC387K1.5274e+02mag4.2054e-03.bin
388,46.782,0.032537765641337195,IC388K4.6782e+01mag3.2538e-02.bin
392,53.711999999999996,0.5941282485903484,IC392K5.3712e+01mag5.9413e-01.bin
400,217.5,0.00476425951820986,IC400K2.1750e+02mag4.7643e-03.bin
401,287.35,0.010354795316903764,IC401K2.8735e+02mag1.0355e-02.bin
406,686.17,0.042504328593999684,IC406K6.8617e+02mag4.2504e-02.bin
407,506.69,0.032461291820370684,IC407K5.0669e+02mag3.2461e-02.bin
411,490.59,0.0718774423586905,IC411K4.9059e+02mag7.1877e-02.bin
412,776.13,0.4402799071186975,IC412K7.7613e+02mag4.4028e-01.bin
413,205.86,0.014293075438518398,IC413K2.0586e+02mag1.4293e-02.bin
420,42.785,0.022860831916972385,IC420K4.2785e+01mag2.2861e-02.bin
421,232.04,0.2569996916452452,IC421K2.3204e+02mag2.5700e-01.bin
423,47.236999999999995,0.036765671727672325,IC423K4.7237e+01mag3.6766e-02.bin
425,328.18,0.006429134384201685,IC425K3.2818e+02mag6.4291e-03.bin
429,53.242,0.010091742050522485,IC429K5.3242e+01mag1.0092e-02.bin
433,90.431,0.0017179510368758144,IC433K9.0431e+01mag1.7180e-03.bin
434,50.931000000000004,0.008717268237106298,IC434K5.0931e+01mag8.7173e-03.bin
435,735.23,0.24114769449107634,IC435K7.3523e+02mag2.4115e-01.bin
437,119.24,0.016084154102786834,IC437K1.1924e+02mag1.6084e-02.bin
439,151.26,0.3352475373535305,IC439K1.5126e+02mag3.3525e-01.bin
441,875.54,0.01544848682856085,IC441K8.7554e+02mag1.5448e-02.bin
442,61.568000000000005,0.003932058073551618,IC442K6.1568e+01mag3.9321e-03.bin
443,252.42,0.6026871392457838,IC443K2.5242e+02mag6.0269e-01.bin
445,193.43,0.0015737569381218215,IC445K1.9343e+02mag1.5738e-03.bin
446,341.05,0.017466904616127276,IC446K3.4105e+02mag1.7467e-02.bin
447,42.373999999999995,0.01805403683014821,IC447K4.2374e+01mag1.8054e-02.bin
449,131.0,0.04072804063123506,IC449K1.3100e+02mag4.0728e-02.bin
450,363.78,0.0788365379464724,IC450K3.6378e+02mag7.8837e-02.bin
451,351.54,0.0975877687696837,IC451K3.5154e+02mag9.7588e-02.bin
452,592.73,0.019069136097749344,IC452K5.9273e+02mag1.9069e-02.bin
453,630.99,0.0373272212109469,IC453K6.3099e+02mag3.7327e-02.bin
454,217.47,0.15771177263708558,IC454K2.1747e+02mag1.5771e-01.bin
455,66.752,0.011784516950662259,IC455K6.6752e+01mag1.1785e-02.bin
458,409.2,0.9017225353329734,IC458K4.0920e+02mag9.0172e-01.bin
460,565.99,0.17850788113800886,IC460K5.6599e+02mag1.7851e-01.bin
462,84.346,0.6748026958578499,IC462K8.4346e+01mag6.7480e-01.bin
463,414.58,0.32863455640963746,IC463K4.1458e+02mag3.2863e-01.bin
467,320.44,0.5678481690862969,IC467K3.2044e+02mag5.6785e-01.bin
469,241.16,0.0018030197334546992,IC469K2.4116e+02mag1.8030e-03.bin
471,148.81,0.009668915950459458,IC471K1.4881e+02mag9.6689e-03.bin
472,192.61,0.2764792202224255,IC472K1.9261e+02mag2.7648e-01.bin
473,12.402999999999999,0.04770882150725614,IC473K1.2403e+01mag4.7709e-02.bin
476,236.05,0.01093139014245948,IC476K2.3605e+02mag1.0931e-02.bin
480,408.05,0.002665917704952598,IC480K4.0805e+02mag2.6659e-03.bin
482,539.72,0.7402914047500241,IC482K5.3972e+02mag7.4029e-01.bin
485,506.41,0.003283655162393013,IC485K5.0641e+02mag3.2837e-03.bin
486,128.7,0.0010446204518076354,IC486K1.2870e+02mag1.0446e-03.bin
488,85.227,0.04053268920743446,IC488K8.5227e+01mag4.0533e-02.bin
490,162.64,0.002775410840768743,IC490K1.6264e+02mag2.7754e-03.bin
492,80.387,0.08756499895171667,IC492K8.0387e+01mag8.7565e-02.bin
493,705.64,0.7255996308831006,IC493K7.0564e+02mag7.2560e-01.bin
494,14.082,0.0012129315731970215,IC494K1.4082e+01mag1.2129e-03.bin
495,37.681,0.8800279213540592,IC495K3.7681e+01mag8.8003e-01.bin
497,686.81,0.1680093459181974,IC497K6.8681e+02mag1.6801e-01.bin
499,808.39,0.08641184323353437,IC499K8.0839e+02mag8.6412e-02.bin
501,26.005,0.03456687007384105,IC501K2.6005e+01mag3.4567e-02.bin
504,419.26,0.010247456366461485,IC504K4.1926e+02mag1.0247e-02.bin
506,496.34,0.0010444768194820793,IC506K4.9634e+02mag1.0445e-03.bin
508,44.76,0.4649938028313171,IC508K4.4760e+01mag4.6499e-01.bin
509,324.9,0.00565763387090256,IC509K3.2490e+02mag5.6576e-03.bin
510,131.73,0.0015581022333783837,IC510K1.3173e+02mag1.5581e-03.bin
515,97.527,0.04141930501244196,IC515K9.7527e+01mag4.1419e-02.bin
516,419.89,0.13342191931586073,IC516K4.1989e+02mag1.3342e-01.bin
517,64.485,0.0011306020430828904,IC517K6.4485e+01mag1.1306e-03.bin
521,258.48,0.051321063301788566,IC521K2.5848e+02mag5.1321e-02.bin
525,316.64,0.013752002926807479,IC525K3.1664e+02mag1.3752e-02.bin
531,239.67,0.011610136171500474,IC531K2.3967e+02mag1.1610e-02.bin
537,62.376000000000005,0.031135892782327475,IC537K6.2376e+01mag3.1136e-02.bin
540,271.5,0.032855704324564285,IC540K2.7150e+02mag3.2856e-02.bin
541,110.0,0.5949811442859642,IC541K1.1000e+02mag5.9498e-01.bin
544,67.038,0.0029340368501631024,IC544K6.7038e+01mag2.9340e-03.bin
546,15.199000000000002,0.7555346484999467,IC546K1.5199e+01mag7.5553e-01.bin
548,78.972,0.0070894596698669295,IC548K7.8972e+01mag7.0895e-03.bin
550,54.316,0.1935384014771236,IC550K5.4316e+01mag1.9354e-01.bin
553,610.42,0.005745602179791213,IC553K6.1042e+02mag5.7456e-03.bin
556,457.36,0.006519889471551196,IC556K4.5736e+02mag6.5199e-03.bin
559,130.48,0.016305483104653042,IC559K1.3048e+02mag1.6305e-02.bin
561,813.53,0.6360106102355978,IC561K8.1353e+02mag6.3601e-01.bin
566,192.72,0.0012184814301171346,IC566K1.9272e+02mag1.2185e-03.bin
569,565.23,0.006809120838466904,IC569K5.6523e+02mag6.8091e-03.bin
570,80.20100000000001,0.4606351118497245,IC570K8.0201e+01mag4.6064e-01.bin
574,130.35,0.3658433141059571,IC574K1.3035e+02mag3.6584e-01.bin
575,196.4,0.007070110208253273,IC575K1.9640e+02mag7.0701e-03.bin
577,262.98,0.5930507745597045,IC577K2.6298e+02mag5.9305e-01.bin
581,17.155,0.8616291361882149,IC581K1.7155e+01mag8.6163e-01.bin
583,18.095,0.0022041676638369385,IC583K1.8095e+01mag2.2042e-03.bin
584,50.775,0.002266653539842847,IC584K5.0775e+01mag2.2667e-03.bin
587,81.22399999999999,0.3486647355011764,IC587K8.1224e+01mag3.4866e-01.bin
590,433.32,0.002557901806245362,IC590K4.3332e+02mag2.5579e-03.bin
591,134.03,0.0013772012052022395,IC591K1.3403e+02mag1.3772e-03.bin
597,261.32,0.03844884929844288,IC597K2.6132e+02mag3.8449e-02.bin
602,87.515,0.0022009961995860033,IC602K8.7515e+01mag2.2010e-03.bin
604,38.37,0.003047546730105493,IC604K3.8370e+01mag3.0475e-03.bin
605,53.867,0.03170214765366318,IC605K5.3867e+01mag3.1702e-02.bin
607,705.16,0.002522312175425261,IC607K7.0516e+02mag2.5223e-03.bin
609,303.3,0.0020155309748612353,IC609K3.0330e+02mag2.0155e-03.bin
614,481.83,0.07012490461370957,IC614K4.8183e+02mag7.0125e-02.bin
620,410.17,0.3068564682635301,IC620K4.1017e+02mag3.0686e-01.bin
622,209.56,0.4114514377877963,IC622K2.0956e+02mag4.1145e-01.bin
623,255.54,0.2527729438841282,IC623K2.5554e+02mag2.5277e-01.bin
629,790.46,0.4442200166114167,IC629K7.9046e+02mag4.4422e-01.bin
631,177.78,0.006036572788075549,IC631K1.7778e+02mag6.0366e-03.bin
632,460.37,0.021787867815348368,IC632K4.6037e+02mag2.1788e-02.bin
635,526.59,0.1989231805172861,IC635K5.2659e+02mag1.9892e-01.bin
636,77.87899999999999,0.0015996602580938555,IC636K7.7879e+01mag1.5997e-03.bin
637,79.597,0.06112525133566085,IC637K7.9597e+01mag6.1125e-02.bin
640,95.705,0.00433724640285365,IC640K9.5705e+01mag4.3372e-03.bin
642,118.09,0.006642366932976054,IC642K1.1809e+02mag6.6424e-03.bin
644,129.26,0.0051252757202627395,IC644K1.2926e+02mag5.1253e-03.bin
645,418.67,0.2199022271728604,IC645K4.1867e+02mag2.1990e-01.bin
646,869.27,0.0044476467124495,IC646K8.6927e+02mag4.4476e-03.bin
647,71.206,0.003223159951178525,IC647K7.1206e+01mag3.2232e-03.bin
650,575.28,0.007285546540181213,IC650K5.7528e+02mag7.2855e-03.bin
652,69.917,0.0360510230330694,IC652K6.9917e+01mag3.6051e-02.bin
657,57.608999999999995,0.029142890162238144,IC657K5.7609e+01mag2.9143e-02.bin
658,205.57,0.2261956857043359,IC658K2.0557e+02mag2.2620e-01.bin
659,133.06,0.16661364332015416,IC659K1.3306e+02mag1.6661e-01.bin
660,245.66,0.011412780658643646,IC660K2.4566e+02mag1.1413e-02.bin
668,292.1,0.026456064964473096,IC668K2.9210e+02mag2.6456e-02.bin
669,153.74,0.10962289500657843,IC669K1.5374e+02mag1.0962e-01.bin
672,456.94,0.15095298469103874,IC672K4.5694e+02mag1.5095e-01.bin
675,107.0,0.06586163265553567,IC675K1.0700e+02mag6.5862e-02.bin
678,110.61,0.04470406455238704,IC678K1.1061e+02mag4.4704e-02.bin
679,886.97,0.0059771097899821565,IC679K8.8697e+02mag5.9771e-03.bin
684,300.13,0.0177792609469931,IC684K3.0013e+02mag1.7779e-02.bin
685,145.39,0.17624755759190308,IC685K1.4539e+02mag1.7625e-01.bin
688,235.09,0.005989885815889198,IC688K2.3509e+02mag5.9899e-03.bin
693,533.49,0.15575175691445098,IC693K5.3349e+02mag1.5575e-01.bin
694,662.4,0.040296686105402366,IC694K6.6240e+02mag4.0297e-02.bin
695,287.88,0.2148348002590387,IC695K2.8788e+02mag2.1483e-01.bin
703,747.33,0.0011825296793356555,IC703K7.4733e+02mag1.1825e-03.bin
705,176.43,0.537022555306125,IC705K1.7643e+02mag5.3702e-01.bin
706,86.876,0.01515835614798755,IC706K8.6876e+01mag1.5158e-02.bin
710,508.77,0.12671582993052,IC710K5.0877e+02mag1.2672e-01.bin
711,130.23,0.09597795507709196,IC711K1.3023e+02mag9.5978e-02.bin
719,234.85,0.0011073242977580472,IC719K2.3485e+02mag1.1073e-03.bin
722,18.658,0.03568730083128629,IC722K1.8658e+01mag3.5687e-02.bin
725,97.928,0.42774873573575495,IC725K9.7928e+01mag4.2775e-01.bin
726,364.89,0.0018918203491245977,IC726K3.6489e+02mag1.8918e-03.bin
731,68.643,0.7000341155057614,IC731K6.8643e+01mag7.0003e-01.bin
735,226.75,0.9446001629589108,IC735K2.2675e+02mag9.4460e-01.bin
738,48.703,0.011088354302824314,IC738K4.8703e+01mag1.1088e-02.bin
739,587.77,0.0011332601467608024,IC739K5.8777e+02mag1.1333e-03.bin
740,145.39,0.023847207008573262,IC740K1.4539e+02mag2.3847e-02.bin
741,152.31,0.4467067107747433,IC741K1.5231e+02mag4.4671e-01.bin
744,35.44,0.0018664914418103809,IC744K3.5440e+01mag1.8665e-03.bin
745,812.91,0.001947738091983161,IC745K8.1291e+02mag1.9477e-03.bin
746,469.62,0.4461351764832285,IC746K4.6962e+02mag4.4614e-01.bin
754,229.9,0.02617219174337236,IC754K2.2990e+02mag2.6172e-02.bin
755,577.99,0.034459205607664974,IC755K5.7799e+02mag3.4459e-02.bin
757,784.05,0.2307214802514633,IC757K7.8405e+02mag2.3072e-01.bin
759,82.67399999999999,0.038645863255092526,IC759K8.2674e+01mag3.8646e-02.bin
762,229.15,0.9084751919011114,IC762K2.2915e+02mag9.0848e-01.bin
766,150.72,0.028343597448757925,IC766K1.5072e+02mag2.8344e-02.bin
768,168.43,0.13384034761383093,IC768K1.6843e+02mag1.3384e-01.bin
770,190.2,0.004001748367159373,IC770K1.9020e+02mag4.0017e-03.bin
771,57.663999999999994,0.0030763084546797425,IC771K5.7664e+01mag3.0763e-03.bin
772,34.158,0.027780997052610387,IC772K3.4158e+01mag2.7781e-02.bin
773,610.27,0.2667434681171121,IC773K6.1027e+02mag2.6674e-01.bin
775,56.425,0.005501667045480681,IC775K5.6425e+01mag5.5017e-03.bin
777,20.199,0.008073648339837064,IC777K2.0199e+01mag8.0736e-03.bin
778,683.09,0.1654793758169967,IC778K6.8309e+02mag1.6548e-01.bin
781,250.64,0.3234353588287232,IC781K2.5064e+02mag3.2344e-01.bin
783,68.554,0.0013965697958101412,IC783K6.8554e+01mag1.3966e-03.bin
784,74.854,0.4670978671925068,IC784K7.4854e+01mag4.6710e-01.bin
787,162.63,0.1110603442942848,IC787K1.6263e+02mag1.1106e-01.bin
791,261.11,0.025493766223182158,IC791K2.6111e+02mag2.5494e-02.bin
793,372.66,0.005925889661451026,IC793K3.7266e+02mag5.9259e-03.bin
794,474.27,0.9345769675380896,IC794K4.7427e+02mag9.3458e-01.bin
799,984.51,0.006899267978913715,IC799K9.8451e+02mag6.8993e-03.bin
801,103.89,0.007518714242125721,IC801K1.0389e+02mag7.5187e-03.bin
808,827.37,0.004451453636108505,IC808K8.2737e+02mag4.4515e-03.bin
809,12.369000000000002,0.12924142880830838,IC809K1.2369e+01mag1.2924e-01.bin
811,153.82,0.0354038579602272,IC811K1.5382e+02mag3.5404e-02.bin
812,102.32,0.06573290336968624,IC812K1.0232e+02mag6.5733e-02.bin
824,73.242,0.005378450852163182,IC824K7.3242e+01mag5.3785e-03.bin
825,298.1,0.13955720840512176,IC825K2.9810e+02mag1.3956e-01.bin
826,985.97,0.027239309417950226,IC826K9.8597e+02mag2.7239e-02.bin
834,168.22,0.00407399112863214,IC834K1.6822e+02mag4.0740e-03.bin
836,545.64,0.0030946061461264588,IC836K5.4564e+02mag3.0946e-03.bin
838,205.01,0.052533665497287815,IC838K2.0501e+02mag5.2534e-02.bin
839,241.58,0.13670256476447915,IC839K2.4158e+02mag1.3670e-01.bin
842,184.68,0.08707667304346463,IC842K1.8468e+02mag8.7077e-02.bin
847,752.68,0.08453030334486715,IC847K7.5268e+02mag8.4530e-02.bin
853,58.097,0.0013295697275459589,IC853K5.8097e+01mag1.3296e-03.bin
854,108.41,0.2745852452781676,IC854K1.0841e+02mag2.7459e-01.bin
861,308.33,0.12196729370631185,IC861K3.0833e+02mag1.2197e-01.bin
863,352.71,0.015748928210697802,IC863K3.5271e+02mag1.5749e-02.bin
864,191.28,0.8634740919786201,IC864K1.9128e+02mag8.6347e-01.bin
866,103.4,0.8778237166987891,IC866K1.0340e+02mag8.7782e-01.bin
868,22.058000000000003,0.008287465505697053,IC868K2.2058e+01mag8.2875e-03.bin
870,89.139,0.0818042727844851,IC870K8.9139e+01mag8.1804e-02.bin
871,191.7,0.002786970969478604,IC871K1.9170e+02mag2.7870e-03.bin
874,726.97,0.009672683243946186,IC874K7.2697e+02mag9.6727e-03.bin
875,117.52,0.0011780151223544655,IC875K1.1752e+02mag1.1780e-03.bin
882,189.09,0.02562885811804255,IC882K1.8909e+02mag2.5629e-02.bin
890,212.42,0.01705375172343113,IC890K2.1242e+02mag1.7054e-02.bin
899,69.82600000000001,0.026861998417224264,IC899K6.9826e+01mag2.6862e-02.bin
900,73.52,0.008355718118324256,IC900K7.3520e+01mag8.3557e-03.bin
901,338.09,0.002582741364195471,IC901K3.3809e+02mag2.5827e-03.bin
906,163.98,0.20185166301681515,IC906K1.6398e+02mag2.0185e-01.bin
908,36.661,0.16123546721572946,IC908K3.6661e+01mag1.6124e-01.bin
912,252.8,0.02701171955918969,IC912K2.5280e+02mag2.7012e-02.bin
915,655.24,0.3938566182337209,IC915K6.5524e+02mag3.9386e-01.bin
918,317.11,0.5241146919084828,IC918K3.1711e+02mag5.2411e-01.bin
920,230.89,0.5382536660933658,IC920K2.3089e+02mag5.3825e-01.bin
922,52.365,0.0076748017381162645,IC922K5.2365e+01mag7.6748e-03.bin
927,187.6,0.002674344907279679,IC927K1.8760e+02mag2.6743e-03.bin
928,149.04,0.12863123965310894,IC928K1.4904e+02mag1.2863e-01.bin
929,128.15,0.002196883820766013,IC929K1.2815e+02mag2.1969e-03.bin
930,239.09,0.7725578183768133,IC930K2.3909e+02mag7.7256e-01.bin
932,91.30799999999999,0.022390986782634143,IC932K9.1308e+01mag2.2391e-02.bin
935,280.08,0.4424258487990323,IC935K2.8008e+02mag4.4243e-01.bin
936,284.14,0.02168883540439407,IC936K2.8414e+02mag2.1689e-02.bin
938,342.93,0.001450205435347434,IC938K3.4293e+02mag1.4502e-03.bin
943,295.61,0.09519593487433678,IC943K2.9561e+02mag9.5196e-02.bin
946,419.64,0.005510539720203325,IC946K4.1964e+02mag5.5105e-03.bin
951,144.4,0.0014167965752790528,IC951K1.4440e+02mag1.4168e-03.bin
957,645.07,0.020720997761275884,IC957K6.4507e+02mag2.0721e-02.bin
959,83.723,0.05194494637122872,IC959K8.3723e+01mag5.1945e-02.bin
962,238.56,0.001045228028753507,IC962K2.3856e+02mag1.0452e-03.bin
963,16.945999999999998,0.0019830188794966517,IC963K1.6946e+01mag1.9830e-03.bin
965,388.62,0.6414677505314509,IC965K3.8862e+02mag6.4147e-01.bin
970,437.95,0.0025727729198279947,IC970K4.3795e+02mag2.5728e-03.bin
971,192.39,0.2062525897333614,IC971K1.9239e+02mag2.0625e-01.bin
972,969.69,0.5207816551199606,IC972K9.6969e+02mag5.2078e-01.bin
973,713.12,0.02027244373326865,IC973K7.1312e+02mag2.0272e-02.bin
975,349.39,0.04647544932255414,IC975K3.4939e+02mag4.6475e-02.bin
976,837.43,0.0025792112342418066,IC976K8.3743e+02mag2.5792e-03.bin
979,42.746,0.02589019127888366,IC979K4.2746e+01mag2.5890e-02.bin
984,28.237,0.07625435056371499,IC984K2.8237e+01mag7.6254e-02.bin
986,201.97,0.052832324032149984,IC986K2.0197e+02mag5.2832e-02.bin
990,914.57,0.006451664057715589,IC990K9.1457e+02mag6.4517e-03.bin
995,53.041000000000004,0.9034963222319344,IC995K5.3041e+01mag9.0350e-01.bin
997,77.84100000000001,0.5309688158886527,IC997K7.7841e+01mag5.3097e-01.bin
